{"can18": [1.2834442149909577, 1.0], "can19": [1.5, 2.2560245000644046], "can14": [1.25, 2.25], "can15": [2.25, 1.75], "can16": [3.2811065467131413, 2.0], "can17": [2.260453705831316, 3.5], "can10": [2.75, 1.25], "can11": [3.75, 2.75], "can12": [1.0, 3.771944610525743], "can13": [1.251693589156336, 4.0], "can118": [2.5, 0.2383967756861617], "can119": [1.25, 0.25], "can116": [1.5, 1.7582307484952708], "can117": [3.5, 3.2511504517006826], "can114": [0.5, 3.7665437140028444], "can115": [2.75, 3.25], "can112": [2.0, 3.757361911305797], "can113": [0.26896787665822197, 2.5], "can110": [2.75, 0.25], "can111": [2.772105425562348, 3.0], "can89": [0.7662314649797344, 3.0], "can88": [0.25, 1.75], "can83": [0.75, 3.75], "can82": [1.5, 2.771180839713308], "can81": [0.5, 3.2583035117917216], "can80": [1.0, 1.7513369218913366], "can87": [2.0, 1.7686621004157925], "can86": [3.77383905714892, 0.5], "can85": [3.0, 1.7726623272719344], "can84": [1.775650146667652, 3.0], "can69": [2.5, 0.7533206437316334], "can68": [3.25, 1.25], "can61": [1.5, 3.769331336331222], "can60": [3.75, 0.75], "can63": [3.75, 1.25], "can62": [2.7608456041998477, 2.0], "can65": [1.25, 0.75], "can64": [3.2613505862063312, 4.0], "can67": [1.5, 0.2538239716271565], "can66": [1.75, 0.25], "can109": [1.25, 1.75], "can108": [0.25, 2.25], "can94": [0.5, 0.7534337362396042], "can95": [3.0, 1.2631151353483043], "can96": [2.5, 3.750357637132306], "can97": [3.7666479015741188, 3.5], "can90": [4.0, 1.7743060650114872], "can91": [0.769084867092942, 3.5], "can92": [3.25, 2.25], "can93": [1.75, 3.75], "can105": [1.7506544307722922, 2.5], "can104": [3.25, 2.75], "can107": [3.5, 0.2666579768902115], "can106": [1.25, 2.75], "can98": [3.278018185130544, 1.5], "can100": [3.771280334884495, 1.0], "can103": [3.7771637115841443, 2.5], "can102": [1.25, 3.25], "can78": [2.761451779041577, 2.5], "can79": [3.0, 3.757203248517316], "can72": [3.2705439072635705, 2.5], "can73": [3.26554848667471, 0.5], "can70": [3.75, 0.25], "can71": [3.25, 0.75], "can76": [3.0, 0.7647224424074098], "can77": [0.75, 3.25], "can74": [3.5, 1.2769014354598869], "can75": [2.0, 0.7733553426947785], "can99": [0.5, 1.2733503556122727], "can127": [0.5, 1.7809609377310718], "can126": [1.2685101885624976, 2.0], "can125": [4.0, 0.7696435905519812], "can124": [1.2630335660600287, 0.5], "can123": [0.25, 1.25], "can122": [3.75, 3.25], "can121": [0.26016941073352917, 3.0], "can120": [1.762249156649496, 0.5], "can128": [1.2572837370731424, 3.0], "can101": [4.0, 0.25969617994548794], "can47": [1.0, 0.28381912404846343], "can46": [0.275979886343497, 1.5], "can45": [2.5, 2.7816884084069544], "can44": [2.25, 3.75], "can43": [0.5, 2.2567777769485824], "can42": [1.75, 1.25], "can41": [0.25711328009117584, 0.5], "can40": [3.25, 0.25], "can49": [0.7803603247201736, 4.0], "can48": [1.2507803607213623, 1.5], "can25": [2.25, 3.25], "can24": [1.0, 0.7580531901816627], "can27": [2.779656058715402, 4.0], "can26": [0.25, 3.25], "can21": [1.0, 2.783413594357875], "can20": [1.2697422177676372, 3.5], "can23": [0.7548796461652164, 1.0], "can22": [2.777831189476748, 0.5], "can29": [0.25552805490257846, 2.0], "can28": [0.5, 2.7749718938458674], "can50": [3.2571156588756423, 3.0], "can51": [2.75, 3.75], "can52": [0.25, 0.25], "can53": [2.75, 1.75], "can54": [2.0, 2.2809347164612546], "can55": [0.27820599737490204, 3.5], "can56": [2.25, 2.25], "can57": [3.75, 2.25], "can58": [4.0, 3.2532451669260967], "can59": [0.7590814995230627, 1.5], "can36": [2.778648738801521, 1.0], "can37": [0.75, 1.25], "can34": [2.75, 2.25], "can35": [0.25, 3.75], "can32": [1.75, 2.25], "can33": [0.757257037234284, 2.5], "can30": [1.25, 1.25], "can31": [0.75, 0.25], "can38": [2.25, 0.25], "can39": [0.7512333949123415, 2.0], "can6": [2.7593235164881036, 1.5], "can7": [1.75, 1.75], "can4": [0.2550904118450183, 4.0], "can5": [1.5, 1.2641243353658576], "can2": [2.5, 1.760343804434862], "can3": [1.75, 0.75], "can1": [2.258291490033717, 2.0], "can8": [1.0, 1.280413318305515], "can9": [0.25900775271037974, 1.0]}